{
  "timestamp": "2025-11-22T18:13:52.633331",
  "main_experiment": {
    "plots_dir": null
  },
  "multi_seed": {
    "seeds": [
      42,
      43,
      44
    ],
    "n_seeds": 3,
    "aggregated_metrics": {
      "rmse": {
        "mean": 0.8283863949214884,
        "std": 0.0054138528966817005
      },
      "mse": {
        "mean": 0.6862533290942069,
        "std": 0.008989401886412151
      },
      "mae": {
        "mean": 0.613476900084087,
        "std": 0.005106522606190137
      },
      "r_auc_mse": {
        "mean": 0.5462886767519048,
        "std": 0.014068816283210054
      },
      "mean_uncertainty": {
        "mean": 0.7160198291142782,
        "std": 0.022377783257462067
      },
      "mean_epistemic": {
        "mean": 0.22914864122867584,
        "std": 0.01117080805799314
      },
      "mean_aleatoric": {
        "mean": 0.6749497453371683,
        "std": 0.020071047487766266
      },
      "rejection_ratio": {
        "mean": 14.26870896950196,
        "std": 0.995941414657434
      },
      "rejection_auc": {
        "mean": 0.30823829448854195,
        "std": 0.004756097556044681
      },
      "f_beta_auc": {
        "mean": 0.5066095430619261,
        "std": 0.008120979308377822
      },
      "f_beta_95": {
        "mean": 0.6570881225601797,
        "std": 0.00716792602830263
      }
    },
    "individual_results": [
      {
        "seed": 42,
        "metrics": {
          "rmse": 0.8239417850521971,
          "mse": 0.6788800651550009,
          "mae": 0.6082368997783824,
          "r_auc_mse": 0.5451519153429603,
          "mean_uncertainty": 0.7475256323814392,
          "mean_epistemic": 0.2447044998407364,
          "mean_aleatoric": 0.703251302242279
        },
        "coverage": {
          "0.8": 0.803347280334728,
          "0.9": 0.899581589958159,
          "0.95": 0.9539748953974896
        }
      },
      {
        "seed": 43,
        "metrics": {
          "rmse": 0.8360076615260027,
          "mse": 0.6989088101301756,
          "mae": 0.6204005797427178,
          "r_auc_mse": 0.5640596217286136,
          "mean_uncertainty": 0.7028526663780212,
          "mean_epistemic": 0.22375647723674774,
          "mean_aleatoric": 0.6626796126365662
        },
        "coverage": {
          "0.8": 0.8075313807531381,
          "0.9": 0.9037656903765691,
          "0.95": 0.9539748953974896
        }
      },
      {
        "seed": 44,
        "metrics": {
          "rmse": 0.8252097381862651,
          "mse": 0.6809711119974442,
          "mae": 0.6117932207311607,
          "r_auc_mse": 0.5296544931841407,
          "mean_uncertainty": 0.697681188583374,
          "mean_epistemic": 0.2189849466085434,
          "mean_aleatoric": 0.6589183211326599
        },
        "coverage": {
          "0.8": 0.799163179916318,
          "0.9": 0.899581589958159,
          "0.95": 0.9539748953974896
        }
      }
    ]
  },
  "baselines": {
    "comparison_table": [
      {
        "Model": "single_mlp",
        "RMSE": 0.8424138739424624,
        "MSE": 0.7096611350107469,
        "MAE": 0.62153129875679,
        "R-AUC MSE": 0.5796771417765686,
        "Mean Uncertainty": 0.672491729259491,
        "Coverage@80": 0.0,
        "Coverage@90": 0.0,
        "Coverage@95": 0.0,
        "Rejection Ratio (%)": 10.386802824351909,
        "Rejection AUC": 0.3286004834814809,
        "F-Beta AUC": 0.4762164529200537,
        "F-Beta@95": 0.6436781608743559
      },
      {
        "Model": "flat_mtl",
        "RMSE": 0.8479012194482769,
        "MSE": 0.718936477941875,
        "MAE": 0.6385386336369114,
        "R-AUC MSE": 0.6213049271952711,
        "Mean Uncertainty": 0.8074100017547607,
        "Coverage@80": 0.0,
        "Coverage@90": 0.0,
        "Coverage@95": 0.0,
        "Rejection Ratio (%)": 10.664084663849586,
        "Rejection AUC": 0.3326757850458708,
        "F-Beta AUC": 0.4803043977146244,
        "F-Beta@95": 0.672413793058264
      },
      {
        "Model": "catboost",
        "RMSE": 0.7807251723955398,
        "MSE": 0.6095317948120453,
        "MAE": 0.5756714235933753,
        "R-AUC MSE": 0.3297350771239782,
        "Mean Uncertainty": 0.1360983631732849,
        "Coverage@80": 0.803347280334728,
        "Coverage@90": 0.9037656903765692,
        "Coverage@95": 0.9539748953974896,
        "Rejection Ratio (%)": 39.52425436152507,
        "Rejection AUC": 0.2184305187488986,
        "F-Beta AUC": 0.5814391426522598,
        "F-Beta@95": 0.6839080459318272
      },
      {
        "Model": "hmtl",
        "RMSE": 0.8298042278350872,
        "MSE": 0.6885750565329853,
        "MAE": 0.6195714229119024,
        "R-AUC MSE": 0.5717107477950533,
        "Mean Uncertainty": 0.852208137512207,
        "Coverage@80": 0.803347280334728,
        "Coverage@90": 0.9037656903765692,
        "Coverage@95": 0.9539748953974896,
        "Rejection Ratio (%)": 14.070175980287985,
        "Rejection AUC": 0.3100792289383305,
        "F-Beta AUC": 0.4966843642251172,
        "F-Beta@95": 0.6609195401847008
      }
    ],
    "best_models": {
      "RMSE": {
        "model": "catboost",
        "value": 0.7807251723955398
      },
      "R-AUC MSE": {
        "model": "catboost",
        "value": 0.3297350771239782
      },
      "MAE": {
        "model": "catboost",
        "value": 0.5756714235933753
      }
    }
  },
  "ablation": null
}