{
  "metrics": {
    "ensemble_avg_r_auc_mse": 0.08847474043820665,
    "n_models": 10,
    "val_rmse": 0.45119982020486427,
    "val_mse": 0.20358127775290183,
    "val_mae": 0.2917344776262713,
    "val_r_auc_mse": 0.06387544842477776,
    "val_mean_uncertainty": 24.270402908325195,
    "val_mean_epistemic": 7.6451029777526855,
    "val_mean_aleatoric": 22.825504302978516,
    "test_rmse": 0.42824296604930423,
    "test_mse": 0.18339203797070555,
    "test_mae": 0.2796170317081575,
    "test_r_auc_mse": 0.06148903302142612,
    "test_mean_uncertainty": 23.763927459716797,
    "val_coverage@80": 0.8000940733772343,
    "val_width@80": 0.8946008682250977,
    "test_coverage@80": 0.8100611189468735,
    "test_width@80": 0.8946008086204529,
    "val_coverage@90": 0.9002822201317028,
    "val_width@90": 1.4079195261001587,
    "test_coverage@90": 0.9055007052186178,
    "test_width@90": 1.4079195261001587,
    "val_coverage@95": 0.9501411100658513,
    "val_width@95": 2.076417922973633,
    "test_coverage@95": 0.9581570286788904,
    "test_width@95": 2.076417922973633
  }
}