{
  "metrics": {
    "ensemble_avg_r_auc_mse": 0.05576541629343902,
    "n_models": 20,
    "val_rmse": 0.29672172716619705,
    "val_mse": 0.08804378337249107,
    "val_mae": 0.19074538042474987,
    "val_r_auc_mse": 0.02499490825775838,
    "val_mean_uncertainty": 0.3926795423030853,
    "val_mean_epistemic": 0.1547165960073471,
    "val_mean_aleatoric": 0.356158047914505,
    "test_rmse": 0.2941798074731419,
    "test_mse": 0.08654175912493484,
    "test_mae": 0.18517960422648183,
    "test_r_auc_mse": 0.02443424169802268,
    "test_mean_uncertainty": 0.38979384303092957,
    "val_coverage@80": 0.7996237064910631,
    "val_width@80": 0.587195873260498,
    "test_coverage@80": 0.8110014104372355,
    "test_width@80": 0.587195873260498,
    "val_coverage@90": 0.8998118532455315,
    "val_width@90": 0.9059611558914185,
    "test_coverage@90": 0.8998589562764457,
    "test_width@90": 0.9059610962867737,
    "val_coverage@95": 0.9501411100658513,
    "val_width@95": 1.3192163705825806,
    "test_coverage@95": 0.9515749882463563,
    "test_width@95": 1.3192163705825806
  }
}