{
  "seeds": [
    42,
    43,
    44
  ],
  "n_seeds": 3,
  "aggregated_metrics": {
    "rmse": {
      "mean": 46.52410706501703,
      "std": 0.0
    },
    "mse": {
      "mean": 2164.4925381971675,
      "std": 0.0
    },
    "mae": {
      "mean": 34.79461805819738,
      "std": 0.0
    },
    "r_auc_mse": {
      "mean": 617.8155365997059,
      "std": 0.0
    },
    "mean_uncertainty": {
      "mean": 12.860828399658203,
      "std": 0.0
    },
    "mean_epistemic": {
      "mean": 5.109567165374756,
      "std": 0.0
    },
    "mean_aleatoric": {
      "mean": 11.614145278930664,
      "std": 0.0
    },
    "rejection_ratio": {
      "mean": 80.33684961202941,
      "std": 0.0
    },
    "rejection_auc": {
      "mean": 496.6945387587465,
      "std": 0.0
    },
    "f_beta_auc": {
      "mean": 0.6964270759941327,
      "std": 0.0
    },
    "f_beta_95": {
      "mean": 0.6895880635292583,
      "std": 0.0
    }
  },
  "individual_results": [
    {
      "seed": 43,
      "metrics": {
        "rmse": 46.52410706501703,
        "mse": 2164.4925381971675,
        "mae": 34.79461805819738,
        "r_auc_mse": 617.8155365997059,
        "mean_uncertainty": 12.860828399658203,
        "mean_epistemic": 5.109567165374756,
        "mean_aleatoric": 11.614145278930664
      },
      "coverage": {
        "0.8": 0.0,
        "0.9": 0.0,
        "0.95": 0.0
      },
      "error_retention": {
        "x": [
          0.00047036688617121356,
          0.020696142991533398,
          0.040921919096895576,
          0.061618062088428974,
          0.08184383819379115,
          0.10206961429915334,
          0.12276575729068674,
          0.14299153339604892,
          0.1632173095014111,
          0.1839134524929445,
          0.2041392285983067,
          0.22483537158984007,
          0.24506114769520226,
          0.26528692380056446,
          0.28598306679209784,
          0.30620884289746003,
          0.3264346190028222,
          0.3471307619943556,
          0.3673565380997178,
          0.38758231420507994,
          0.4082784571966134,
          0.42850423330197557,
          0.44920037629350895,
          0.46942615239887114,
          0.4896519285042333,
          0.5103480714957667,
          0.5305738476011289,
          0.550799623706491,
          0.5714957666980245,
          0.5917215428033866,
          0.6124176857949201,
          0.6326434619002822,
          0.6528692380056444,
          0.6735653809971778,
          0.69379115710254,
          0.7140169332079022,
          0.7347130761994356,
          0.7549388523047977,
          0.7751646284101599,
          0.7958607714016933,
          0.8160865475070554,
          0.8367826904985889,
          0.8570084666039511,
          0.8772342427093133,
          0.8979303857008467,
          0.9181561618062088,
          0.938381937911571,
          0.9590780809031044,
          0.9793038570084666,
          1.0
        ],
        "y": [
          18.715371605270953,
          29.86895880355239,
          28.624875587207153,
          29.41855061591432,
          30.093220702881776,
          30.077858016874572,
          30.043805222114056,
          31.10037854342816,
          33.436940944160376,
          33.59200142958938,
          34.43495863082602,
          36.05812177285165,
          38.1719390564749,
          41.36364196764593,
          48.954412267244585,
          55.53937694331375,
          65.93532290009566,
          72.42221426480471,
          78.94302633301068,
          93.53925240721246,
          106.73700655026165,
          123.37250772902351,
          143.78352498142377,
          159.8486263470428,
          172.61483704884836,
          188.6375625003984,
          203.55623005523873,
          217.86320486507233,
          229.11515568427654,
          325.13814518794754,
          473.31224069754086,
          619.5520441153138,
          733.5967868444789,
          858.1256633217778,
          977.743566536169,
          1113.3748952981605,
          1205.617360083145,
          1293.0432053332413,
          1369.5287646050604,
          1438.8626037392476,
          1511.4034351014482,
          1585.123482332161,
          1649.1505505730488,
          1743.593474587896,
          1808.3305985224138,
          1883.9821883280392,
          1991.2859827093082,
          2074.492562334836,
          2129.546917737958,
          2164.492538197168
        ]
      }
    }
  ]
}