Model,RMSE,MSE,MAE,R-AUC MSE,Mean Uncertainty,Coverage@80,Coverage@90,Coverage@95,Rejection Ratio (%),Rejection AUC,F-Beta AUC,F-Beta@95
single_mlp,0.8369826466468497,0.7005399507879654,0.6186781743164529,0.5675893081447652,0.668328046798706,0.0,0.0,0.0,12.486960139458464,0.31911881269124154,0.4775138645388636,0.6551724137479191
flat_mtl,0.8293338207976184,0.6877945863187763,0.6184451162902221,0.5286392690807881,0.7885393500328064,0.0,0.0,0.0,17.22621326735661,0.30202509550825113,0.4715009937640843,0.6436781608743559
catboost,0.7807251723955398,0.6095317948120453,0.5756714235933753,0.32973507712397826,0.13609836317328491,0.803347280334728,0.9037656903765691,0.9539748953974896,39.52425436152507,0.2184305187488986,0.5814391426522598,0.6839080459318272
hmtl,0.8614689400668372,0.7421287346998798,0.6364468668049431,0.6155419019608622,0.8223878145217896,0.799163179916318,0.899581589958159,0.9539748953974896,11.434689353572407,0.3411254129843275,0.5177810710627301,0.6666666666214824
