Model,RMSE,MSE,MAE,R-AUC MSE,Mean Uncertainty,Coverage@80,Coverage@90,Coverage@95,Rejection Ratio (%),Rejection AUC,F-Beta AUC,F-Beta@95
single_mlp,0.8424138739424624,0.7096611350107469,0.62153129875679,0.5796771417765686,0.672491729259491,0.0,0.0,0.0,10.386802824351909,0.3286004834814809,0.47621645292005377,0.6436781608743559
flat_mtl,0.8479012194482769,0.718936477941875,0.6385386336369114,0.6213049271952711,0.8074100017547607,0.0,0.0,0.0,10.664084663849586,0.33267578504587086,0.4803043977146244,0.672413793058264
catboost,0.7807251723955398,0.6095317948120453,0.5756714235933753,0.32973507712397826,0.13609836317328491,0.803347280334728,0.9037656903765691,0.9539748953974896,39.52425436152507,0.2184305187488986,0.5814391426522598,0.6839080459318272
hmtl,0.8298042278350872,0.6885750565329853,0.6195714229119024,0.5717107477950533,0.852208137512207,0.803347280334728,0.9037656903765691,0.9539748953974896,14.070175980287983,0.31007922893833056,0.4966843642251172,0.6609195401847008
