Model,RMSE,MSE,MAE,R-AUC MSE,Mean Uncertainty,Coverage@80,Coverage@90,Coverage@95,Rejection Ratio (%),Rejection AUC,F-Beta AUC,F-Beta@95
single_mlp,0.624756546208256,0.39032074203006883,0.4545479762784293,0.1392739785438787,0.4315267503261566,0.0,0.0,0.0,70.82771674831073,0.09543649458637443,0.6001794791731581,0.6824521569447627
flat_mtl,0.679206888585135,0.46132199750150005,0.49301001419606555,0.17344334148326387,0.21908870339393616,0.0,0.0,0.0,70.24913152290824,0.11353951124917458,0.5931551144752116,0.6805060006035367
catboost,0.3431507108855613,0.1177524103812661,0.223610237639099,0.030000902177952236,0.10609295119912078,0.8000940733772343,0.9002822201317028,0.9501411100658513,77.55577164077596,0.022326590099892782,0.6297116730511436,0.6843983132859887
hmtl,0.5071362179326765,0.2571871435390592,0.3493425836152908,0.08213249811167166,24.598234176635742,0.7996237064910631,0.9002822201317028,0.9496707431796801,68.78795318001184,0.0610957444366121,0.6231869120081573,0.6779111254819018
