Model,RMSE,MSE,MAE,R-AUC MSE,Mean Uncertainty,Coverage@80,Coverage@90,Coverage@95,Rejection Ratio (%),Rejection AUC,F-Beta AUC,F-Beta@95,ΔRMSE_vs_HMTL,ΔR-AUC_vs_HMTL
single_mlp,0.35419852037429633,0.1254565918353408,0.2281637802700024,0.03460545509335195,0.38321325182914734,0.0,0.0,0.0,73.23444169247605,0.025870203451708693,0.6379561681495896,0.6850470320663975,0.057476793208099286,0.009610546835593571
flat_mtl,0.3463597011222037,0.11996504256146229,0.21922124598320514,0.02948101227991117,0.3067641258239746,0.0,0.0,0.0,75.81671817113117,0.023013666101507204,0.6438879315974553,0.6824521569447627,0.049637973956006665,0.004486104022152791
catboost,0.391340723074255,0.15314756153628073,0.26845114515876334,0.042073750338292214,0.16014274065309295,0.8000940733772343,0.9002822201317028,0.9501411100658513,77.44710550365247,0.030844604828783786,0.6353182412505388,0.6843983132859887,0.09461899590805795,0.017078842080533833
hmtl,0.29672172716619705,0.08804378337249107,0.19074538042474987,0.02499490825775838,0.3926795423030853,0.7996237064910631,0.8998118532455315,0.9501411100658513,,,,,0.0,0.0
