{
  "metrics": {
    "ensemble_avg_r_auc_mse": 0.5304519349280987,
    "n_models": 20,
    "val_rmse": 0.8534164643931926,
    "val_mse": 0.7283196616973774,
    "val_mae": 0.6529572874246059,
    "val_r_auc_mse": 0.6453595990342861,
    "val_mean_uncertainty": 0.9800633192062378,
    "val_mean_epistemic": 0.23367804288864136,
    "val_mean_aleatoric": 0.9505123496055603,
    "test_rmse": 0.7387860344766479,
    "test_mse": 0.5458048047377309,
    "test_mae": 0.5568110172613125,
    "test_r_auc_mse": 0.4000964173801353,
    "test_mean_uncertainty": 0.9813399314880371,
    "val_coverage@80": 0.799163179916318,
    "val_width@80": 2.0836222171783447,
    "test_coverage@80": 0.8630705394190872,
    "test_width@80": 2.083622455596924,
    "val_coverage@90": 0.899581589958159,
    "val_width@90": 2.7874937057495117,
    "test_coverage@90": 0.946058091286307,
    "test_width@90": 2.7874932289123535,
    "val_coverage@95": 0.9497907949790795,
    "val_width@95": 3.494281053543091,
    "test_coverage@95": 0.9626556016597511,
    "test_width@95": 3.4942808151245117
  }
}