{
  "metrics": {
    "ensemble_avg_r_auc_mse": 0.5972344346126254,
    "n_models": 20,
    "val_rmse": 0.8225779635564348,
    "val_mse": 0.6766345061286514,
    "val_mae": 0.6072662139245439,
    "val_r_auc_mse": 0.5400866270978819,
    "val_mean_uncertainty": 0.6975423097610474,
    "val_mean_epistemic": 0.24854563176631927,
    "val_mean_aleatoric": 0.6480926275253296,
    "test_rmse": 0.6835364718184921,
    "test_mse": 0.4672221083060722,
    "test_mae": 0.513616321006721,
    "test_r_auc_mse": 0.3042420298247122,
    "test_mean_uncertainty": 0.6942944526672363,
    "val_coverage@80": 0.799163179916318,
    "val_width@80": 1.9927401542663574,
    "test_coverage@80": 0.8672199170124482,
    "test_width@80": 1.9927401542663574,
    "val_coverage@90": 0.9037656903765691,
    "val_width@90": 2.6894922256469727,
    "test_coverage@90": 0.941908713692946,
    "test_width@90": 2.6894922256469727,
    "val_coverage@95": 0.9539748953974896,
    "val_width@95": 3.474177360534668,
    "test_coverage@95": 0.979253112033195,
    "test_width@95": 3.474177360534668
  }
}